scenario,mode,workers,repeat,t_total_s,t_extraction_s,t_metrics_s,n_samples,n_features,n_pixels,B,max_abs_diff_vs_serial,timestamp
A,inprocess,1,1,0.15740820299834013,0.0279998779296875,0.12600016593933105,1,16,861,0,0.0,2026-10-02T13:52:40.899892+00:00
A,inprocess,1,2,0.16007360799994785,0.029000043869018555,0.12800002098083496,1,16,861,0,0.0,2026-10-02T13:52:41.718189+00:00
A,inprocess,1,3,0.15745006200450007,0.0280001163482666,0.12599992752075195,1,16,861,0,0.0,2026-10-02T13:52:42.538360+00:00
A,inprocess,2,1,0.7794153499999084,0.029000043869018555,0.746999979019165,1,16,861,0,0.0,2026-10-02T13:52:43.980681+00:00
A,inprocess,2,2,0.7789842899946962,0.029999971389770508,0.7460000514984131,1,16,861,0,0.0,2026-10-02T13:52:45.426038+00:00
A,inprocess,2,3,0.7801874830038287,0.029000043869018555,0.747999906539917,1,16,861,0,0.0,2026-10-02T13:52:46.845126+00:00
A,inprocess,4,1,0.8808207389956806,0.03099989891052246,0.8470001220703125,1,16,861,0,0.0,2026-10-02T13:52:48.392603+00:00
A,inprocess,4,2,0.915283348003868,0.029000043869018555,0.8819999694824219,1,16,861,0,0.0,2026-10-02T13:52:50.031677+00:00
A,inprocess,4,3,0.8926698819996091,0.026999950408935547,0.8610000610351562,1,16,861,0,0.0,2026-10-02T13:52:51.586922+00:00
A,inprocess,8,1,0.9875353349925717,0.029000043869018555,0.9549999237060547,1,16,861,0,0.0,2026-10-02T13:52:53.242720+00:00
A,inprocess,8,2,0.9579579980054405,0.0280001163482666,0.9270000457763672,1,16,861,0,0.0,2026-10-02T13:52:54.868386+00:00
A,inprocess,8,3,0.9733471709914738,0.029000043869018555,0.9409999847412109,1,16,861,0,0.0,2026-10-02T13:52:56.501959+00:00
A,inprocess,16,1,1.0180600449966732,0.029000043869018555,0.9859998226165771,1,16,861,0,0.0,2026-10-02T13:52:58.170262+00:00
A,inprocess,16,2,1.0051321119972272,0.029999971389770508,0.9720001220703125,1,16,861,0,0.0,2026-10-02T13:52:59.807660+00:00
A,inprocess,16,3,1.072487616998842,0.02500009536743164,1.0439999103546143,1,16,861,0,0.0,2026-10-02T13:53:01.579126+00:00
Aext,inprocess,1,1,1.71534007799346,0.23099994659423828,1.4800000190734863,1,175,861,0,0.0,2026-10-02T13:53:07.339405+00:00
Aext,inprocess,1,2,1.784817841995391,0.2389998435974121,1.5420000553131104,1,175,861,0,0.0,2026-10-02T13:53:10.328578+00:00
Aext,inprocess,1,3,1.822312406002311,0.23799991607666016,1.5810000896453857,1,175,861,0,0.0,2026-10-02T13:53:13.305050+00:00
Aext,inprocess,2,1,1.8927168360096402,0.21799993515014648,1.6710000038146973,1,175,861,0,0.0,2026-10-02T13:53:16.405348+00:00
Aext,inprocess,2,2,1.9543043909943663,0.23099994659423828,1.7190001010894775,1,175,861,0,0.0,2026-10-02T13:53:19.573377+00:00
Aext,inprocess,2,3,1.9208203220041469,0.24399995803833008,1.6729998588562012,1,175,861,0,0.0,2026-10-02T13:53:22.671903+00:00
Aext,inprocess,4,1,1.980280302988831,0.21000003814697266,1.7660000324249268,1,175,861,0,0.0,2026-10-02T13:53:25.843087+00:00
Aext,inprocess,4,2,2.0436682230065344,0.26600003242492676,1.7739999294281006,1,175,861,0,0.0,2026-10-02T13:53:29.095062+00:00
Aext,inprocess,4,3,2.2336113679921255,0.27300000190734863,1.9559998512268066,1,175,861,0,0.0,2026-10-02T13:53:32.613652+00:00
Aext,inprocess,8,1,2.0993224019912304,0.23100018501281738,1.863999843597412,1,175,861,0,0.0,2026-10-02T13:53:35.944319+00:00
Aext,inprocess,8,2,2.0630005650018575,0.21799993515014648,1.8420000076293945,1,175,861,0,0.0,2026-10-02T13:53:39.140699+00:00
Aext,inprocess,8,3,2.136866700006067,0.2609999179840088,1.873000144958496,1,175,861,0,0.0,2026-10-02T13:53:42.484678+00:00
Aext,inprocess,16,1,2.205528141988907,0.2669999599456787,1.934999942779541,1,175,861,0,0.0,2026-10-02T13:53:45.904490+00:00
Aext,inprocess,16,2,1.9920170650002547,0.20199990272521973,1.7860000133514404,1,175,861,0,0.0,2026-10-02T13:53:49.070883+00:00
Aext,inprocess,16,3,2.3590859709947836,0.26600003242492676,2.0899999141693115,1,175,861,0,0.0,2026-10-02T13:53:52.622160+00:00
B,inprocess,1,1,2.7619336130010197,nan,nan,21,16,861,0,0.0,2026-10-02T13:54:01.270879+00:00
B,inprocess,1,2,2.496386083003017,nan,nan,21,16,861,0,0.0,2026-10-02T13:54:05.201269+00:00
B,inprocess,1,3,2.622273752989713,nan,nan,21,16,861,0,0.0,2026-10-02T13:54:09.255833+00:00
B,inprocess,2,1,2.2148752579960274,nan,nan,21,16,861,0,0.0,2026-10-02T13:54:13.128924+00:00
B,inprocess,2,2,2.1832337169907987,nan,nan,21,16,861,0,0.0,2026-10-02T13:54:16.692609+00:00
B,inprocess,2,3,2.181624158009072,nan,nan,21,16,861,0,0.0,2026-10-02T13:54:20.795223+00:00
B,inprocess,4,1,1.670220273997984,nan,nan,21,16,861,0,0.0,2026-10-02T13:54:24.409113+00:00
B,inprocess,4,2,1.5905846050009131,nan,nan,21,16,861,0,0.0,2026-10-02T13:54:27.742113+00:00
B,inprocess,4,3,1.6304691939876648,nan,nan,21,16,861,0,0.0,2026-10-02T13:54:31.005585+00:00
B,inprocess,8,1,1.364621629996691,nan,nan,21,16,861,0,0.0,2026-10-02T13:54:33.864154+00:00
B,inprocess,8,2,1.3952915429981658,nan,nan,21,16,861,0,0.0,2026-10-02T13:54:36.869914+00:00
B,inprocess,8,3,1.4332457210111897,nan,nan,21,16,861,0,0.0,2026-10-02T13:54:39.770626+00:00
B,inprocess,16,1,1.3035024279961362,nan,nan,21,16,861,0,0.0,2026-10-02T13:54:42.584354+00:00
B,inprocess,16,2,1.3019224149902584,nan,nan,21,16,861,0,0.0,2026-10-02T13:54:45.540055+00:00
B,inprocess,16,3,1.3099966860027052,nan,nan,21,16,861,0,0.0,2026-10-02T13:54:48.324470+00:00
C,inprocess,1,1,4.092858976000571,nan,nan,1,16,861,1000,0.0,2026-10-02T13:54:58.654694+00:00
C,inprocess,1,2,4.154114984994521,nan,nan,1,16,861,1000,0.0,2026-10-02T13:55:03.863038+00:00
C,inprocess,1,3,4.102268368995283,nan,nan,1,16,861,1000,0.0,2026-10-02T13:55:08.996277+00:00
C,inprocess,2,1,2.596366218989715,nan,nan,1,16,861,1000,0.0,2026-10-02T13:55:12.604641+00:00
C,inprocess,2,2,2.570038895995822,nan,nan,1,16,861,1000,0.0,2026-10-02T13:55:16.240163+00:00
C,inprocess,2,3,2.606833051991998,nan,nan,1,16,861,1000,0.0,2026-10-02T13:55:19.908879+00:00
C,inprocess,4,1,1.8454080190131208,nan,nan,1,16,861,1000,0.0,2026-10-02T13:55:22.797014+00:00
C,inprocess,4,2,1.813929994998034,nan,nan,1,16,861,1000,0.0,2026-10-02T13:55:25.616507+00:00
C,inprocess,4,3,1.8498410290048923,nan,nan,1,16,861,1000,0.0,2026-10-02T13:55:28.529840+00:00
C,inprocess,8,1,1.6097451140085468,nan,nan,1,16,861,1000,0.0,2026-10-02T13:55:31.166173+00:00
C,inprocess,8,2,1.6106209010031307,nan,nan,1,16,861,1000,0.0,2026-10-02T13:55:33.811865+00:00
C,inprocess,8,3,1.6796347869967576,nan,nan,1,16,861,1000,0.0,2026-10-02T13:55:36.538163+00:00
C,inprocess,16,1,1.802105668000877,nan,nan,1,16,861,1000,0.0,2026-10-02T13:55:39.389017+00:00
C,inprocess,16,2,1.7726222869969206,nan,nan,1,16,861,1000,0.0,2026-10-02T13:55:42.223845+00:00
C,inprocess,16,3,1.79000747599639,nan,nan,1,16,861,1000,0.0,2026-10-02T13:55:45.079579+00:00
B,multiprocess,1,1,3.6955275119980797,nan,nan,21,16,861,0,0.0,2026-10-02T13:55:51.243987+00:00
B,multiprocess,1,2,3.482986388989957,nan,nan,21,16,861,0,0.0,2026-10-02T13:55:57.102599+00:00
B,multiprocess,1,3,3.425430731003871,nan,nan,21,16,861,0,0.0,2026-10-02T13:56:02.597147+00:00
B,multiprocess,2,1,2.304046064004069,nan,nan,21,16,861,0,0.0,2026-10-02T13:56:07.196389+00:00
B,multiprocess,2,2,2.1871807819989044,nan,nan,21,16,861,0,0.0,2026-10-02T13:56:11.705073+00:00
B,multiprocess,2,3,2.253487825000775,nan,nan,21,16,861,0,0.0,2026-10-02T13:56:16.270704+00:00
B,multiprocess,4,1,1.611498201993527,nan,nan,21,16,861,0,0.0,2026-10-02T13:56:20.247346+00:00
B,multiprocess,4,2,1.625816390995169,nan,nan,21,16,861,0,0.0,2026-10-02T13:56:24.059119+00:00
B,multiprocess,4,3,1.629901025997242,nan,nan,21,16,861,0,0.0,2026-10-02T13:56:27.799966+00:00
B,multiprocess,8,1,1.3898777470021741,nan,nan,21,16,861,0,0.0,2026-10-02T13:56:31.293133+00:00
B,multiprocess,8,2,1.3896089409972774,nan,nan,21,16,861,0,0.0,2026-10-02T13:56:34.904071+00:00
B,multiprocess,8,3,1.3941219020052813,nan,nan,21,16,861,0,0.0,2026-10-02T13:56:38.437591+00:00
B,multiprocess,16,1,1.24666066399368,nan,nan,21,16,861,0,0.0,2026-10-02T13:56:41.861840+00:00
B,multiprocess,16,2,1.2767877360020066,nan,nan,21,16,861,0,0.0,2026-10-02T13:56:45.172484+00:00
B,multiprocess,16,3,1.2496950930071762,nan,nan,21,16,861,0,0.0,2026-10-02T13:56:48.432076+00:00
C,multiprocess,1,1,4.688408483998501,nan,nan,1,16,861,1000,0.0,2026-10-02T13:56:54.779980+00:00
C,multiprocess,1,2,4.689108602004126,nan,nan,1,16,861,1000,0.0,2026-10-02T13:57:01.122332+00:00
C,multiprocess,1,3,4.681404365997878,nan,nan,1,16,861,1000,0.0,2026-10-02T13:57:07.476948+00:00
C,multiprocess,2,1,2.852742995994049,nan,nan,1,16,861,1000,0.0,2026-10-02T13:57:12.000771+00:00
C,multiprocess,2,2,2.7751371859922074,nan,nan,1,16,861,1000,0.0,2026-10-02T13:57:16.441486+00:00
C,multiprocess,2,3,2.815630230004899,nan,nan,1,16,861,1000,0.0,2026-10-02T13:57:20.909418+00:00
C,multiprocess,4,1,1.978173978990526,nan,nan,1,16,861,1000,0.0,2026-10-02T13:57:24.542973+00:00
C,multiprocess,4,2,1.9811638839892112,nan,nan,1,16,861,1000,0.0,2026-10-02T13:57:28.182769+00:00
C,multiprocess,4,3,1.999189809008385,nan,nan,1,16,861,1000,0.0,2026-10-02T13:57:31.851983+00:00
C,multiprocess,8,1,1.6333498149906518,nan,nan,1,16,861,1000,0.0,2026-10-02T13:57:35.145863+00:00
C,multiprocess,8,2,1.6384670020052,nan,nan,1,16,861,1000,0.0,2026-10-02T13:57:38.439529+00:00
C,multiprocess,8,3,1.6527412880095653,nan,nan,1,16,861,1000,0.0,2026-10-02T13:57:41.748163+00:00
C,multiprocess,16,1,1.5066702450130833,nan,nan,1,16,861,1000,0.0,2026-10-02T13:57:44.927275+00:00
C,multiprocess,16,2,1.527988332993118,nan,nan,1,16,861,1000,0.0,2026-10-02T13:57:48.124618+00:00
C,multiprocess,16,3,1.511245523011894,nan,nan,1,16,861,1000,0.0,2026-10-02T13:57:51.304446+00:00
