scenario,shards,repeat,shard,start_s,end_s
DB,1,1,0,3.3070100471377373e-06,3.695522983005503
DB,1,2,0,4.76899731438607e-06,3.48298301298928
DB,1,3,0,3.3859978429973125e-06,3.425427915994078
DB,2,1,0,4.188012098893523e-06,2.3040140040102415
DB,2,1,1,0.0004127870051888749,2.3040449820109643
DB,2,2,0,3.13599593937397e-06,2.187149422999937
DB,2,2,1,0.0003981789923273027,2.187179479995393
DB,2,3,0,3.08601011056453e-06,2.2178776369983098
DB,2,3,1,0.00032752600964158773,2.2534852200042224
DB,4,1,0,3.055989509448409e-06,1.6114407239947468
DB,4,1,1,0.00028073799330741167,1.6114655809942633
DB,4,1,2,0.0005780979990959167,1.611482652995619
DB,4,1,3,0.0007673939981032163,1.61149744100112
DB,4,2,0,2.945002052001655e-06,1.6257371719984803
DB,4,2,1,0.0003393780061742291,1.6257691020000493
DB,4,2,2,0.0006540500035043806,1.6257957119960338
DB,4,2,3,0.0008701070037204772,1.6258152090013027
DB,4,3,0,2.454995410516858e-06,1.6298250330000883
DB,4,3,1,0.0002697279996937141,1.6298581150040263
DB,4,3,2,0.0006053389952285215,1.6298795850016177
DB,4,3,3,0.0007545099942944944,1.6299001540028257
DB,8,1,0,2.625005436129868e-06,1.3328827250079485
DB,8,1,1,0.000257204010267742,1.3897337560047163
DB,8,1,2,0.0006068020011298358,1.3897663080133498
DB,8,1,3,0.0007521550141973421,1.389786946005188
DB,8,1,4,0.0009786820010049269,1.3898063830129104
DB,8,1,5,0.0011476290092105046,1.3898279140121303
DB,8,1,6,0.0013422660122159868,1.389849214014248
DB,8,1,7,0.0016392740071751177,1.3898718460113741
DB,8,2,0,3.235996700823307e-06,1.3841791760060005
DB,8,2,1,0.0003394579980522394,1.3894710419990588
DB,8,2,2,0.0006159189942991361,1.3894966899970314
DB,8,2,3,0.0008513119973940775,1.389519582997309
DB,8,2,4,0.0010787689971039072,1.389541985001415
DB,8,2,5,0.0013043640065006912,1.3895629250037018
DB,8,2,6,0.001432756005669944,1.3895853169960901
DB,8,2,7,0.0016122730012284592,1.3896082599967485
DB,8,3,0,2.735003363341093e-06,1.3710445129981963
DB,8,3,1,0.00033440900733694434,1.393151336000301
DB,8,3,2,0.0006792280037188902,1.394035849996726
DB,8,3,3,0.000867702008690685,1.3940513990091858
DB,8,3,4,0.0009758560045156628,1.3940673799952492
DB,8,3,5,0.001150294003309682,1.394083489998593
DB,8,3,6,0.001358937006443739,1.3941011330025503
DB,8,3,7,0.0015600949991494417,1.3941215310042026
DB,16,1,0,3.1959934858605266e-06,1.1452172440040158
DB,16,1,1,0.00034867599606513977,1.246272032003617
DB,16,1,2,0.0006746699946234003,1.2463025500037475
DB,16,1,3,0.0008591670048190281,1.246351802998106
DB,16,1,4,0.0010609470045892522,1.246373643996776
DB,16,1,5,0.0012576169974636286,1.24639628600562
DB,16,1,6,0.0014277370064519346,1.2464184379932703
DB,16,1,7,0.0016065630043158308,1.2464422930061119
DB,16,1,8,0.0017697500006761402,1.2464659569959622
DB,16,1,9,0.001936995002324693,1.246492396996473
DB,16,1,10,0.0020339869952294976,1.2465171340008965
DB,16,1,11,0.002207444005762227,1.2465417500061449
DB,16,1,12,0.0023158169933594763,1.2465746219968423
DB,16,1,13,0.0024952950043370947,1.246602104001795
DB,16,1,14,0.0026086479920195416,1.2466301759995986
DB,16,1,15,0.002789898993796669,1.246659972006455
DB,16,2,0,2.315005986019969e-06,1.2654491630091798
DB,16,2,1,0.0002786850091069937,1.2764571440056898
DB,16,2,2,0.0006267400021897629,1.2764839739975287
DB,16,2,3,0.0007727240008534864,1.2765057450014865
DB,16,2,4,0.0009213840094162151,1.276525743000093
DB,16,2,5,0.0010627099982229993,1.2765475540072657
DB,16,2,6,0.0011866230051964521,1.2765688439976657
DB,16,2,7,0.0013306640030350536,1.276614039001288
DB,16,2,8,0.0015580720064463094,1.2766428230097517
DB,16,2,9,0.0017397740011801943,1.2766618590103462
DB,16,2,10,0.0019746460020542145,1.2766817360097775
DB,16,2,11,0.002157530005206354,1.2767014540004311
DB,16,2,12,0.002374287010752596,1.2767212110047694
DB,16,2,13,0.00259942100092303,1.2767409080115613
DB,16,2,14,0.002709097010665573,1.276761997010908
DB,16,2,15,0.002887373004341498,1.2767871250107419
DB,16,3,0,3.08601011056453e-06,1.249329154001316
DB,16,3,1,0.00036699100746773183,1.2493627980002202
DB,16,3,2,0.0005407680000644177,1.2493838270020206
DB,16,3,3,0.0008208649960579351,1.2494032539980253
DB,16,3,4,0.0010128260037163273,1.249423832006869
DB,16,3,5,0.0011882660037372261,1.2494460440066177
DB,16,3,6,0.0018346620054217055,1.2494685060082702
DB,16,3,7,0.0019946630054619163,1.2494903470069403
DB,16,3,8,0.0021871049975743517,1.2495130300085293
DB,16,3,9,0.002286913004354574,1.2495376770093571
DB,16,3,10,0.0025148420099867508,1.2495626029995037
DB,16,3,11,0.0026856830081669614,1.2495888830017066
DB,16,3,12,0.002791282007819973,1.2496140000002924
DB,16,3,13,0.0029650990036316216,1.2496400789968902
DB,16,3,14,0.0030712190055055544,1.249666839998099
DB,16,3,15,0.0032522990077268332,1.2496943709993502
DC,1,1,0,3.106004442088306e-06,4.688406440007384
DC,1,2,0,3.4569966373965144e-06,4.689106527992408
DC,1,3,0,3.1460076570510864e-06,4.681401381007163
DC,2,1,0,2.66499409917742e-06,2.816313816991169
DC,2,1,1,0.00027378599043004215,2.8527408319932874
DC,2,2,0,3.4569966373965144e-06,2.775104714994086
DC,2,2,1,0.000348896996001713,2.775136163996649
DC,2,3,0,3.5669945646077394e-06,2.81559568499506
DC,2,3,1,0.00036104899481870234,2.815629007993266
DC,4,1,0,3.255991032347083e-06,1.9781162509898422
DC,4,1,1,0.0003286479914095253,1.9781412779993843
DC,4,1,2,0.0006596709863515571,1.9781576690002112
DC,4,1,3,0.0007990829908521846,1.9781733879935928
DC,4,2,0,2.082990249618888e-06,1.940626675990643
DC,4,2,1,0.00026819399499800056,1.9734576359915081
DC,4,2,2,0.0004667579923989251,1.9743365289905341
DC,4,2,3,0.0006203269877005368,1.9811633029894438
DC,4,3,0,2.2140011424198747e-06,1.9742500870052027
DC,4,3,1,0.0002179300063289702,1.9742821870022453
DC,4,3,2,0.0005470090109156445,1.9794072700024117
DC,4,3,3,0.0007169989985413849,1.9991886869975133
DC,8,1,0,2.4049950297921896e-06,1.620778762997361
DC,8,1,1,0.00029153899231459945,1.6208056839968776
DC,8,1,2,0.0004907739930786192,1.6332630719989538
DC,8,1,3,0.0006529489910462871,1.633279011992272
DC,8,1,4,0.0007532879972131923,1.6332957329868805
DC,8,1,5,0.0009115549910347909,1.6333135469903937
DC,8,1,6,0.0010570189915597439,1.6333303779974813
DC,8,1,7,0.0011653929977910593,1.6333492339908844
DC,8,2,0,4.007000825367868e-06,1.6353050830075517
DC,8,2,1,0.00041168399911839515,1.635337323998101
DC,8,2,2,0.0005597429990302771,1.6353612290113233
DC,8,2,3,0.000750913008232601,1.6379298510000808
DC,8,2,4,0.0008800560026429594,1.6379493179993005
DC,8,2,5,0.0010456770105520263,1.6380523320112843
DC,8,2,6,0.001170773000922054,1.6380695940024452
DC,8,2,7,0.001278435011045076,1.6384664610086475
DC,8,3,0,3.206005203537643e-06,1.6356676959985634
DC,8,3,1,0.0003288890002295375,1.6357001870055683
DC,8,3,2,0.0006065110064810142,1.635722118007834
DC,8,3,3,0.0007780440064379945,1.635744330007583
DC,8,3,4,0.0008834820037009194,1.6526897010044195
DC,8,3,5,0.0010422110062791035,1.652706783002941
DC,8,3,6,0.001160974003141746,1.6527237850095844
DC,8,3,7,0.0013170480087865144,1.6527406870009145
DC,16,1,0,2.415006747469306e-06,1.4615532500029076
DC,16,1,1,0.0002621930034365505,1.461580582006718
DC,16,1,2,0.0006023430032655597,1.4615988160076085
DC,16,1,3,0.0007656200032215565,1.4616171000088798
DC,16,1,4,0.0009294990013586357,1.5055875280086184
DC,16,1,5,0.0011225820053368807,1.5058415660023456
DC,16,1,6,0.001314363005803898,1.5058818410034291
DC,16,1,7,0.001528375010821037,1.5059113669994986
DC,16,1,8,0.0017469270096626133,1.5059320460131858
DC,16,1,9,0.0020022870012326166,1.5059513420128496
DC,16,1,10,0.0021679090132238343,1.5065629630116746
DC,16,1,11,0.002336265009944327,1.5065833310072776
DC,16,1,12,0.0025091010029427707,1.506605122005567
DC,16,1,13,0.0026252190000377595,1.506626091999351
DC,16,1,14,0.002794878004351631,1.5066489950113464
DC,16,1,15,0.0029293210100149736,1.5066696740104817
DC,16,2,0,3.4760014386847615e-06,1.483110057990416
DC,16,2,1,0.00031214699265547097,1.483143580990145
DC,16,2,2,0.000640163998468779,1.505955760992947
DC,16,2,3,0.0008127189939841628,1.5059761589945992
DC,16,2,4,0.0009819370025070384,1.5059937019977951
DC,16,2,5,0.0011469079909147695,1.516517511990969
DC,16,2,6,0.0013076299946988001,1.5165406149899354
DC,16,2,7,0.0014723100030096248,1.5165592799894512
DC,16,2,8,0.001642649993300438,1.5165811719925841
DC,16,2,9,0.0018584259960334748,1.516601108989562
DC,16,2,10,0.002149503998225555,1.5166205860004993
DC,16,2,11,0.002322029002243653,1.5166395010019187
DC,16,2,12,0.0024961960007203743,1.5166613929904997
DC,16,2,13,0.002631169991218485,1.5166832139948383
DC,16,2,14,0.0027555639971978962,1.5279664819972822
DC,16,2,15,0.0029050559969618917,1.5279876819986384
DC,16,3,0,3.316003130748868e-06,1.5096635170048103
DC,16,3,1,0.0004606970032909885,1.50968896500126
DC,16,3,2,0.0007122500101104379,1.5097069780022139
DC,16,3,3,0.0008962060092017055,1.5097227780061075
DC,16,3,4,0.0010857529996428639,1.5097436570067657
DC,16,3,5,0.0013328280037967488,1.5097627729992382
DC,16,3,6,0.0015102309989742935,1.5097818790090969
DC,16,3,7,0.0016147380083566532,1.5098005140025634
DC,16,3,8,0.0017755510052666068,1.5098193599988008
DC,16,3,9,0.002005654008826241,1.5098377450049156
DC,16,3,10,0.0021747420105384663,1.5111414070124738
DC,16,3,11,0.002447725011734292,1.5111614750057925
DC,16,3,12,0.0026674890104914084,1.5111811520037008
DC,16,3,13,0.00290829200821463,1.511202071007574
DC,16,3,14,0.003134337006486021,1.5112229710066458
DC,16,3,15,0.0032791300036478788,1.5112448720028624
