scenario,mode,workers,median_t_total_s,speedup,efficiency,sequential_fraction,amdahl_bound
A,inprocess,1,0.15745006200450007,1.0,1.0,0.17788067836580765,1.0
A,inprocess,2,0.7794153499999084,0.20201047105951733,0.10100523552975867,0.17788067836580765,1.6979648590337701
A,inprocess,4,0.8926698819996091,0.1763810622262811,0.04409526555657028,0.17788067836580765,2.608170556400995
A,inprocess,8,0.9733471709914738,0.16176146260754815,0.020220182825943518,0.17788067836580765,3.5632129023621535
A,inprocess,16,1.0180600449966732,0.15465695051907727,0.00966605940744233,0.17788067836580765,4.361800233509058
Aext,inprocess,1,1.784817841995391,1.0,1.0,0.13390713493216486,1.0
Aext,inprocess,2,1.9208203220041469,0.929195626238037,0.4645978131190185,0.13390713493216486,1.7638128717830572
Aext,inprocess,4,2.0436682230065344,0.8733403112613178,0.21833507781532946,0.13390713493216486,2.8536341004086543
Aext,inprocess,8,2.0993224019912304,0.8501875844808171,0.10627344806010214,0.13390713493216486,4.129352068069874
Aext,inprocess,16,2.205528141988907,0.8092473671117492,0.05057796044448432,0.13390713493216486,5.318075731545992
B,inprocess,1,2.622273752989713,1.0,1.0,,
B,inprocess,2,2.1832337169907987,1.2010962145656368,0.6005481072828184,,
B,inprocess,4,1.6304691939876648,1.608293957751128,0.402073489437782,,
B,inprocess,8,1.3952915429981658,1.8793733583126577,0.23492166978908222,,
B,inprocess,16,1.3035024279961362,2.0117137464952126,0.1257321091559508,,
B,multiprocess,1,3.482986388989957,1.0,1.0,,
B,multiprocess,2,2.253487825000775,1.5455980504304518,0.7727990252152259,,
B,multiprocess,4,1.625816390995169,2.1422999597500714,0.5355749899375178,,
B,multiprocess,8,1.3898777470021741,2.505966007803497,0.3132457509754371,,
B,multiprocess,16,1.2496950930071762,2.787068948641504,0.174191809290094,,
C,inprocess,1,4.102268368995283,1.0,1.0,,
C,inprocess,2,2.596366218989715,1.5800037525490287,0.7900018762745143,,
C,inprocess,4,1.8454080190131208,2.2229600861868346,0.5557400215467087,,
C,inprocess,8,1.6106209010031307,2.5470105140448,0.3183763142556,,
C,inprocess,16,1.79000747599639,2.291760466928662,0.14323502918304137,,
C,multiprocess,1,4.688408483998501,1.0,1.0,,
C,multiprocess,2,2.815630230004899,1.665136435188204,0.832568217594102,,
C,multiprocess,4,1.9811638839892112,2.3664920009333423,0.5916230002333356,,
C,multiprocess,8,1.6384670020052,2.8614604250562876,0.35768255313203595,,
C,multiprocess,16,1.511245523011894,3.102347310617377,0.19389670691358607,,
